Purchase_Order_No,Product_Name,Customer_ID,Gender,Age,City,Quantity_Ordered,Quantity_Delivered,Quantity_Returned,Quantity_Redelivered
10358,PP Bags 50Kg,S18_2319,Male,44,Manchester,472,134,94,389
10375,PP Bags 50Kg,S10_1678,Male,33,London,392,248,174,286
10409,PP Bags 50Kg,S18_2325,Female,52,Bradford,185,129,64,121
10423,PP Bags 50Kg,S18_2949,Female,33,Salford,176,234,117,58
10425,PP Bags 50Kg,S18_2432,Male,30,Bath,200,373,373,
10331,PP Bags 50Kg,S18_1984,Female,39,Carlisle,210,126,63,147
10285,PP Bags 50Kg,S18_2625,Female,22,Chelmsford,440,120,84,364
10380,PP Bags 50Kg,S18_2795,Male,59,Chester,427,245,171,318
10419,PP Bags 50Kg,S12_3380,Male,41,Chichester,226,414,414,
10312,PP Bags 50Kg,S18_1367,Female,33,Colchester,208,128,64,144
10362,PP Bags 50Kg,S18_2625,Female,22,Chelmsford,385,169,118,301
10327,PP Bags 50Kg,S18_3029,Female,35,Coventry,247,151,75,171
10244,PP Bags 50Kg,S18_1367,Female,33,Colchester,333,403,403,
10333,PP Bags 50Kg,S18_1097,Female,38,Derby,194,200,100,94
10374,PP Bags 50Kg,S18_2625,Female,22,Chelmsford,157,199,99,57
10103,PP Bags 50Kg,S18_2432,Male,30,Bath,251,361,361,
10337,PP Bags 50Kg,S10_4757,Female,54,Doncaster,195,160,80,115
10324,PP Bags 50Kg,S18_2319,Male,44,Manchester,273,377,377,
10369,PP Bags 50Kg,S18_2957,Female,46,Durham,457,103,72,383
10347,PP Bags 50Kg,S18_1367,Female,33,Colchester,227,298,298,
10193,PP Bags 50Kg,S18_2957,Female,46,Durham,450,165,116,360
10170,PP Bags 50Kg,S18_1889,Male,38,Ely,335,336,336,
10332,PP Bags 50Kg,S18_2795,Male,59,Chester,274,401,401,
10236,PP Bags 50Kg,S18_2625,Female,22,Chelmsford,448,140,98,365
10422,PP Bags 50Kg,S18_1367,Female,33,Colchester,240,398,398,
10343,PP Bags 50Kg,S18_2870,Male,57,Exeter,428,123,86,352
10381,PP Bags 50Kg,S18_1367,Female,33,Colchester,415,151,106,333
10214,PP Bags 50Kg,S18_2248,Female,48,Gloucester,180,151,75,105
10361,PP Bags 50Kg,S10_2016,Male,24,Hereford,396,120,84,324
10379,PP Bags 50Kg,S18_2248,Female,48,Gloucester,157,145,72,85
10212,PP Bags 50Kg,S18_1889,Male,38,Ely,206,201,100,105
10147,PP Bags 50Kg,S12_3990,Male,29,Kingston-upon-Hull,352,365,365,
10289,PP Bags 50Kg,S18_1367,Female,33,Colchester,219,137,68,150
10386,PP Bags 50Kg,S18_1662,Female,30,Lancaster,346,357,357,
10244,PP Bags 50Kg,S18_2957,Female,46,Durham,166,189,94,72
10215,PP Bags 50Kg,S18_1367,Female,33,Colchester,509,120,84,425
10227,PP Bags 50Kg,S18_2248,Female,48,Gloucester,193,216,108,85
10139,PP Bags 50Kg,S18_2957,Female,46,Durham,270,324,324,
10391,PP Bags 50Kg,S18_2949,Female,33,Salford,159,206,103,56
10378,PP Bags 50Kg,S18_1589,Female,33,Leeds,427,79,55,363
10361,PP Bags 50Kg,S10_1678,Male,33,London,124,95,48,77
10390,PP Bags 50Kg,S18_1984,Female,39,Carlisle,348,395,395,
10324,PP Bags 50Kg,S12_3148,Male,48,Leicester,376,346,346,
10383,PP Bags 50Kg,S18_3140,Male,43,Lichfield,407,255,178,298
10259,PP Bags 50Kg,S18_2432,Male,30,Bath,171,132,66,105
10416,PP Bags 50Kg,S18_2581,Female,21,Lincoln,237,177,89,149
10238,PP Bags 50Kg,S12_3990,Male,29,Kingston-upon-Hull,461,201,141,361
10145,PP Bags 50Kg,S18_2625,Female,22,Chelmsford,128,112,56,72
10168,PP Bags 50Kg,S18_2581,Female,21,Lincoln,225,189,94,131
10173,PP Bags 50Kg,S18_2248,Female,48,Gloucester,311,354,354,
10149,PP Bags 50Kg,S18_2248,Female,48,Gloucester,210,181,90,120
10150,PP Bags 50Kg,S18_2957,Female,46,Durham,202,140,70,132
10256,PP Bags 50Kg,S18_1367,Female,33,Colchester,379,148,104,301
10291,PP Bags 50Kg,S18_2432,Male,30,Bath,223,212,106,117
10227,PP Bags 50Kg,S18_1367,Female,33,Colchester,278,419,419,
10173,PP Bags 50Kg,S18_2957,Female,46,Durham,304,341,341,
10346,PP Bags 50Kg,S18_1342,Female,40,Liverpool,460,113,79,383
10324,PP Bags 50Kg,S12_4473,Male,33,London,300,372,372,
10252,PP Bags 50Kg,S18_3278,Female,21,Manchester,452,106,74,378
10122,PP Bags 50Kg,S18_3278,Female,21,Manchester,491,130,91,407
10298,PP Bags 50Kg,S18_2625,Female,22,Chelmsford,414,181,126,324
10248,PP Bags 50Kg,S18_3029,Female,35,Coventry,219,125,62,157
10280,PP Bags 50Kg,S18_1367,Female,33,Colchester,151,140,70,81
10304,PP Bags 50Kg,S18_2957,Female,46,Durham,308,358,358,
10386,PP Bags 50Kg,S18_2581,Female,21,Lincoln,315,314,314,
10280,PP Bags 50Kg,S18_2248,Female,48,Gloucester,196,154,77,119
10332,PP Bags 50Kg,S18_3136,Female,33,Milton Keynes,194,146,73,121
10356,PP Bags 50Kg,S18_1367,Female,33,Colchester,462,137,96,379
10180,PP Bags 50Kg,S18_2625,Female,22,Chelmsford,256,389,389,
10110,PP Bags 50Kg,S18_2248,Female,48,Gloucester,188,131,65,123
10373,PP Bags 50Kg,S18_1662,Female,30,Lancaster,150,207,103,47
10181,PP Bags 50Kg,S18_1889,Male,38,Ely,184,152,76,107
10377,PP Bags 50Kg,S12_3990,Male,29,Kingston-upon-Hull,436,149,104,353
10181,PP Bags 50Kg,S12_3990,Male,29,Kingston-upon-Hull,469,192,135,370
10204,PP Bags 50Kg,S18_2248,Female,48,Gloucester,170,177,88,81
10325,PP Bags 50Kg,S18_3140,Male,43,Lichfield,139,119,60,80
10423,PP Bags 50Kg,S18_2957,Female,46,Durham,209,343,343,
10229,PP Bags 50Kg,S18_2432,Male,30,Bath,209,211,106,103
10342,PP Bags 50Kg,S18_3278,Female,21,Manchester,472,114,80,394
10281,PP Bags 50Kg,S18_2432,Male,30,Bath,426,167,117,338
10300,PP Bags 50Kg,S12_3990,Male,29,Kingston-upon-Hull,302,383,383,
10331,PP Bags 50Kg,S18_2870,Male,57,Exeter,152,157,78,74
10391,PP Bags 50Kg,S18_2432,Male,30,Bath,407,212,148,309
10223,PP Bags 50Kg,S18_2625,Female,22,Chelmsford,170,356,356,
10381,PP Bags 50Kg,S18_2432,Male,30,Bath,349,360,360,
10159,PP Bags 50Kg,S18_3278,Female,21,Manchester,456,195,137,357
10288,PP Bags 50Kg,S18_2248,Female,48,Gloucester,205,153,77,129
10271,PP Bags 50Kg,S18_2432,Male,30,Bath,171,122,61,109
10391,PP Bags 50Kg,S10_4962,Female,37,Newcastle-upon-Tyne,163,116,58,105
10182,PP Bags 50Kg,S18_1367,Female,33,Colchester,274,158,79,195
10149,PP Bags 50Kg,S18_1367,Female,33,Colchester,183,238,119,64
10356,PP Bags 50Kg,S18_1984,Female,39,Carlisle,290,397,397,
10371,PP Bags 50Kg,S12_4473,Male,33,London,447,170,119,356
10159,PP Bags 50Kg,S12_3990,Male,29,Kingston-upon-Hull,256,381,381,
10308,PP Bags 50Kg,S18_2625,Female,22,Chelmsford,230,201,100,130
10251,PP Bags 50Kg,S18_2625,Female,22,Chelmsford,218,179,89,129
10108,PP Bags 50Kg,S18_3278,Female,21,Manchester,361,388,388,
10423,PP Bags 50Kg,S18_3136,Female,33,Milton Keynes,215,150,75,141
10304,PP Bags 50Kg,S18_1367,Female,33,Colchester,448,246,172,337
10313,PP Bags 50Kg,S18_2432,Male,30,Bath,201,121,61,141
10135,PP Bags 50Kg,S12_3990,Male,29,Kingston-upon-Hull,298,365,365,
10139,PP Bags 50Kg,S18_3136,Female,33,Milton Keynes,499,116,81,418
10111,PP Bags 50Kg,S18_2957,Female,46,Durham,248,346,346,
10389,PP Bags 50Kg,S12_3380,Male,41,Chichester,482,154,108,392
10215,PP Bags 50Kg,S18_2957,Female,46,Durham,462,133,93,380
10388,PP Bags 50Kg,S10_4698,Male,53,Norwich,452,210,147,351
10235,PP Bags 50Kg,S18_2581,Female,21,Lincoln,178,130,65,113
10310,PP Bags 50Kg,S18_1889,Male,38,Ely,485,151,106,396
10312,PP Bags 50Kg,S18_2248,Female,48,Gloucester,453,146,102,368
10134,PP Bags 50Kg,S18_2625,Female,22,Chelmsford,440,194,136,344
10246,PP Bags 50Kg,S18_2432,Male,30,Bath,394,238,167,290
10339,PP Bags 50Kg,S18_2625,Female,22,Chelmsford,248,444,444,
10291,PP Bags 50Kg,S18_2957,Female,46,Durham,286,364,364,
10119,PP Bags 50Kg,S18_3029,Female,35,Coventry,312,355,355,
10162,PP Bags 50Kg,S18_2248,Female,48,Gloucester,190,209,105,85
10336,PP Bags 50Kg,S12_1108,Female,50,Nottingham,386,217,152,289
10206,PP Bags 50Kg,S18_2957,Female,46,Durham,215,304,304,
10373,PP Bags 50Kg,S18_3029,Female,35,Coventry,192,209,105,87
10253,PP Bags 50Kg,S18_1889,Male,38,Ely,477,123,86,396
10191,PP Bags 50Kg,S12_3990,Male,29,Kingston-upon-Hull,244,406,406,
10201,PP Bags 50Kg,S18_2625,Female,22,Chelmsford,167,122,61,105
10239,PP Bags 50Kg,S12_4675,Male,27,Oxford,219,201,101,119
10194,PP Bags 50Kg,S18_1097,Female,38,Derby,340,337,337,
10419,PP Bags 50Kg,S12_1099,Male,46,Manchester,241,373,373,
10350,PP Bags 50Kg,S10_4757,Female,54,Doncaster,449,124,87,371
10369,PP Bags 50Kg,S18_3136,Female,33,Milton Keynes,473,138,96,388
10210,PP Bags 50Kg,S18_2625,Female,22,Chelmsford,173,153,76,97
10316,PP Bags 50Kg,S18_3029,Female,35,Coventry,384,363,363,
10263,PP Bags 50Kg,S18_2625,Female,22,Chelmsford,461,154,108,374
10103,PP Bags 50Kg,S18_2957,Female,46,Durham,431,130,91,353
10269,PP Bags 50Kg,S18_2957,Female,46,Durham,465,142,99,380
10296,PP Bags 50Kg,S18_3029,Female,35,Coventry,300,386,386,
10398,PP Bags 50Kg,S18_3029,Female,35,Coventry,317,361,361,
10390,PP Bags 50Kg,S18_2795,Male,59,Chester,297,314,314,
10183,PP Bags 50Kg,S18_1097,Female,38,Derby,133,82,41,93
10122,PP Bags 50Kg,S12_3990,Male,29,Kingston-upon-Hull,161,229,115,47
10107,PP Bags 50Kg,S18_2625,Female,22,Chelmsford,425,225,157,322
10102,PP Bags 50Kg,S18_1367,Female,33,Colchester,441,163,114,353
10283,PP Bags 50Kg,S18_3029,Female,35,Coventry,477,123,86,396
10297,PP Bags 50Kg,S18_2581,Female,21,Lincoln,370,368,368,
10120,PP Bags 50Kg,S18_2581,Female,21,Lincoln,186,172,86,100
10347,PP Bags 50Kg,S18_1097,Female,38,Derby,179,194,97,82
10334,PP Bags 50Kg,S18_2432,Male,30,Bath,444,234,164,337
10188,PP Bags 50Kg,S18_2625,Female,22,Chelmsford,468,239,167,356
10377,PP Bags 50Kg,S18_1889,Male,38,Ely,378,255,178,272
10139,PP Bags 50Kg,S18_1367,Female,33,Colchester,241,354,354,
10173,PP Bags 50Kg,S18_1367,Female,33,Colchester,256,109,54,201
10382,PP Bags 50Kg,S12_4473,Male,33,London,383,122,86,312
10370,PP Bags 50Kg,S18_2432,Male,30,Bath,177,170,85,92
10141,PP Bags 50Kg,S12_4473,Male,33,London,154,110,55,99
10122,PP Bags 50Kg,S12_4675,Male,27,Oxford,225,193,96,129
10147,PP Bags 50Kg,S18_1889,Male,38,Ely,241,330,330,
10322,PP Bags 50Kg,S18_2432,Male,30,Bath,294,416,416,
10217,PP Bags 50Kg,S18_2432,Male,30,Bath,180,236,118,62
10396,PP Bags 50Kg,S18_3259,Male,35,London,460,134,94,378
10246,PP Bags 50Kg,S18_2319,Male,44,Manchester,413,233,163,309
10159,PP Bags 50Kg,S18_2625,Female,22,Chelmsford,289,397,397,
10201,PP Bags 50Kg,S10_1678,Male,33,London,492,205,143,388
10310,PP Bags 50Kg,S18_3278,Female,21,Manchester,389,215,151,292
10182,PP Bags 50Kg,S18_1342,Female,40,Liverpool,346,357,357,
10305,PP Bags 50Kg,S18_2432,Male,30,Bath,170,222,111,60
10382,PP Bags 50Kg,S18_2238,Male,60,Bradford,223,400,400,
10417,PP Bags 50Kg,S18_2625,Female,22,Chelmsford,414,227,159,312
10165,PP Bags 50Kg,S18_2432,Male,30,Bath,187,220,110,77
10347,PP Bags 50Kg,S18_2957,Female,46,Durham,164,132,66,98
10182,PP Bags 50Kg,S18_2325,Female,52,Bradford,171,189,94,76
10318,PP Bags 50Kg,S18_2625,Female,22,Chelmsford,264,261,261,
10292,PP Bags 50Kg,S12_4473,Male,33,London,430,164,115,342
10392,PP Bags 50Kg,S18_2957,Female,46,Durham,253,401,401,
10388,PP Bags 50Kg,S10_2016,Male,24,Hereford,212,189,95,117
10284,PP Bags 50Kg,S18_2581,Female,21,Lincoln,353,401,401,
10304,PP Bags 50Kg,S18_3136,Female,33,Milton Keynes,421,151,105,338
10308,PP Bags 50Kg,S18_2581,Female,21,Lincoln,170,147,74,97
10103,PP Bags 50Kg,S18_2949,Female,33,Salford,452,165,116,362
10400,PP Bags 50Kg,S18_3029,Female,35,Coventry,473,135,94,390
10329,PP Bags 50Kg,S18_3278,Female,21,Manchester,160,142,71,89
10322,PP Bags 50Kg,S18_1097,Female,38,Derby,474,188,132,376
10253,PP Bags 50Kg,S12_3990,Male,29,Kingston-upon-Hull,427,159,111,342
10203,PP Bags 50Kg,S12_3380,Male,41,Chichester,150,123,61,88
10303,PP Bags 50Kg,S18_2248,Female,48,Gloucester,458,141,99,374
10322,PP Bags 50Kg,S18_3136,Female,33,Milton Keynes,287,350,350,
10124,PP Bags 50Kg,S18_2248,Female,48,Gloucester,302,377,377,
10332,PP Bags 50Kg,S18_2325,Female,52,Bradford,424,214,150,324
10169,PP Bags 50Kg,S18_3278,Female,21,Manchester,216,225,112,104
10344,PP Bags 50Kg,S18_2248,Female,48,Gloucester,399,195,136,307
10395,PP Bags 50Kg,S12_1108,Female,50,Nottingham,122,134,67,55
10420,PP Bags 50Kg,S18_2248,Female,48,Gloucester,219,369,369,
10370,PP Bags 50Kg,S10_4962,Female,37,Newcastle-upon-Tyne,343,379,379,
10169,PP Bags 50Kg,S12_3990,Male,29,Kingston-upon-Hull,333,365,365,
10162,PP Bags 50Kg,S18_1367,Female,33,Colchester,209,384,384,
10126,PP Bags 50Kg,S18_1367,Female,33,Colchester,153,157,78,75
10338,PP Bags 50Kg,S18_3029,Female,35,Coventry,276,281,281,
10257,PP Bags 50Kg,S18_3320,Male,57,Salford,449,154,108,362
10182,PP Bags 50Kg,S18_2248,Female,48,Gloucester,434,260,182,320
10237,PP Bags 50Kg,S10_1678,Male,33,London,181,164,82,99
10275,PP Bags 50Kg,S18_2625,Female,22,Chelmsford,249,354,354,
10111,PP Bags 50Kg,S18_1367,Female,33,Colchester,138,196,98,40
10322,PP Bags 50Kg,S18_1367,Female,33,Colchester,466,203,142,365
10241,PP Bags 50Kg,S18_2248,Female,48,Gloucester,251,399,399,
10253,PP Bags 50Kg,S12_3380,Male,41,Chichester,210,137,69,141
10215,PP Bags 50Kg,S18_1342,Female,40,Liverpool,227,370,370,
10391,PP Bags 50Kg,S10_1949,Female,41,Bath,226,396,396,
10332,PP Bags 50Kg,S18_1367,Female,33,Colchester,219,378,378,
10358,PP Bags 50Kg,S18_2238,Male,60,Bradford,357,344,344,
10403,PP Bags 50Kg,S10_1678,Male,33,London,294,350,350,
10126,PP Bags 50Kg,S12_1666,Female,57,Carlisle,166,161,81,86
10304,PP Bags 50Kg,S18_2325,Female,52,Bradford,457,116,81,380
10206,PP Bags 50Kg,S18_3320,Male,57,Salford,224,205,102,122
10266,PP Bags 50Kg,S12_3380,Male,41,Chichester,303,340,340,
10193,PP Bags 50Kg,S18_1367,Female,33,Colchester,461,180,126,367
10378,PP Bags 50Kg,S18_3278,Female,21,Manchester,442,168,118,352
10266,PP Bags 50Kg,S18_1889,Male,38,Ely,183,119,59,124
10391,PP Bags 50Kg,S12_1666,Female,57,Carlisle,275,391,391,
10391,PP Bags 50Kg,S18_1097,Female,38,Derby,437,148,103,353
10181,PP Bags 50Kg,S18_3278,Female,21,Manchester,227,165,82,144
10183,PP Bags 50Kg,S18_3136,Female,33,Milton Keynes,395,188,132,305
10193,PP Bags 50Kg,S18_2248,Female,48,Gloucester,393,234,163,291
10225,PP Bags 50Kg,S12_3380,Male,41,Chichester,140,116,58,82
10180,PP Bags 50Kg,S10_1678,Male,33,London,206,138,69,137
10228,PP Bags 50Kg,S18_2949,Female,33,Salford,498,136,95,411
10310,PP Bags 50Kg,S12_4675,Male,27,Oxford,432,229,160,327
10241,PP Bags 50Kg,S18_1589,Female,33,Leeds,195,194,97,98
10356,PP Bags 50Kg,S18_1342,Female,40,Liverpool,204,173,87,117
10348,PP Bags 50Kg,S12_1108,Female,50,Nottingham,280,393,393,
10380,PP Bags 50Kg,S18_1342,Female,40,Liverpool,212,131,65,146
10392,PP Bags 50Kg,S18_3136,Female,33,Milton Keynes,229,167,84,145
10329,PP Bags 50Kg,S12_4675,Male,27,Oxford,449,175,122,357
10266,PP Bags 50Kg,S18_1129,Male,41,Chelmsford,477,183,128,380
10389,PP Bags 50Kg,S12_3990,Male,29,Kingston-upon-Hull,454,197,138,356
10103,PP Bags 50Kg,S18_3136,Female,33,Milton Keynes,205,363,363,
10193,PP Bags 50Kg,S18_3320,Male,57,Salford,191,135,68,123
10112,PP Bags 50Kg,S18_2949,Female,33,Salford,268,353,353,
10357,PP Bags 50Kg,S18_2432,Male,30,Bath,378,374,374,
10127,PP Bags 50Kg,S12_4473,Male,33,London,185,185,93,93
10145,PP Bags 50Kg,S18_2581,Female,21,Lincoln,458,117,82,381
10389,PP Bags 50Kg,S12_1099,Male,46,Manchester,402,209,146,305
10325,PP Bags 50Kg,S12_3891,Male,28,Chester,314,370,370,
10207,PP Bags 50Kg,S18_2432,Male,30,Bath,194,213,107,88
10307,PP Bags 50Kg,S18_3029,Female,35,Coventry,299,368,368,
10211,PP Bags 50Kg,S12_3990,Male,29,Kingston-upon-Hull,203,183,91,112
10299,PP Bags 50Kg,S10_1678,Male,33,London,214,165,83,132
10371,PP Bags 50Kg,S18_2238,Male,60,Bradford,370,378,378,
10278,PP Bags 50Kg,S18_1589,Female,33,Leeds,446,166,116,357
10193,PP Bags 50Kg,S18_2949,Female,33,Salford,461,224,157,355
10365,PP Bags 50Kg,S18_1129,Male,41,Chelmsford,466,161,113,376
10398,PP Bags 50Kg,S18_2581,Female,21,Lincoln,470,167,117,378
10208,PP Bags 50Kg,S18_3140,Male,43,Lichfield,448,122,86,370
10359,PP Bags 50Kg,S10_4757,Female,54,Doncaster,451,199,139,352
10257,PP Bags 50Kg,S18_2957,Female,46,Durham,479,135,95,395
10278,PP Bags 50Kg,S18_1889,Male,38,Ely,278,362,362,
10184,PP Bags 50Kg,S18_2432,Male,30,Bath,181,169,85,96
10183,PP Bags 50Kg,S18_2957,Female,46,Durham,176,91,45,131
10276,PP Bags 50Kg,S18_3278,Female,21,Manchester,161,159,80,82
10250,PP Bags 50Kg,S18_2581,Female,21,Lincoln,205,137,69,136
10313,PP Bags 50Kg,S12_1666,Female,57,Carlisle,143,144,72,71
10120,PP Bags 50Kg,S18_2625,Female,22,Chelmsford,326,319,319,
10287,PP Bags 50Kg,S12_4675,Male,27,Oxford,278,351,351,
10266,PP Bags 50Kg,S12_3990,Male,29,Kingston-upon-Hull,331,376,376,
10225,PP Bags 50Kg,S12_4675,Male,27,Oxford,194,151,76,119
10325,PP Bags 50Kg,S12_1108,Female,50,Nottingham,226,149,75,152
10307,PP Bags 50Kg,S10_4757,Female,54,Doncaster,255,367,367,
10358,PP Bags 50Kg,S12_4473,Male,33,London,412,98,69,344
10262,PP Bags 50Kg,S18_3029,Female,35,Coventry,180,202,101,79
10151,PP Bags 50Kg,S18_2432,Male,30,Bath,386,214,150,290
10148,PP Bags 50Kg,S18_1129,Male,41,Chelmsford,267,300,300,
10134,PP Bags 50Kg,S12_2823,Male,36,Chichester,180,188,94,86
10358,PP Bags 50Kg,S12_3148,Male,48,Leicester,214,327,327,
10381,PP Bags 50Kg,S18_2957,Female,46,Durham,424,181,127,333
10211,PP Bags 50Kg,S18_3278,Female,21,Manchester,462,214,150,358
10314,PP Bags 50Kg,S18_3140,Male,43,Lichfield,272,329,329,
10339,PP Bags 50Kg,S10_2016,Male,24,Hereford,229,360,360,
10367,PP Bags 50Kg,S18_1589,Female,33,Leeds,344,350,350,
10173,PP Bags 50Kg,S18_3136,Female,33,Milton Keynes,221,243,121,100
10173,PP Bags 50Kg,S18_3320,Male,57,Salford,210,401,401,
10414,PP Bags 50Kg,S10_4757,Female,54,Doncaster,433,101,71,362
10121,PP Bags 50Kg,S10_1678,Male,33,London,293,389,389,
10193,PP Bags 50Kg,S18_3136,Female,33,Milton Keynes,239,140,70,169
10363,PP Bags 50Kg,S18_3278,Female,21,Manchester,485,95,66,411
10363,PP Bags 50Kg,S12_3990,Male,29,Kingston-upon-Hull,126,129,65,61
10131,PP Bags 50Kg,S18_1662,Female,30,Lancaster,438,147,103,354
10320,PP Bags 50Kg,S12_3990,Male,29,Kingston-upon-Hull,464,209,146,361
10350,PP Bags 50Kg,S18_3029,Female,35,Coventry,343,359,359,
10120,PP Bags 50Kg,S10_2016,Male,24,Hereford,428,185,129,336
10126,PP Bags 50Kg,S18_2949,Female,33,Salford,277,349,349,
10333,PP Bags 50Kg,S18_2949,Female,33,Salford,197,158,79,117
10126,PP Bags 50Kg,S18_2432,Male,30,Bath,288,407,407,
10280,PP Bags 50Kg,S18_1097,Female,38,Derby,141,150,75,66
10150,PP Bags 50Kg,S18_3136,Female,33,Milton Keynes,450,175,122,358
10327,PP Bags 50Kg,S18_1662,Female,30,Lancaster,460,149,104,373
10300,PP Bags 50Kg,S12_4675,Male,27,Oxford,459,105,74,384
10339,PP Bags 50Kg,S18_2581,Female,21,Lincoln,439,176,123,348
10168,PP Bags 50Kg,S18_2625,Female,22,Chelmsford,450,116,81,374
10363,PP Bags 50Kg,S12_1099,Male,46,Manchester,220,220,110,110
10209,PP Bags 50Kg,S18_3029,Female,35,Coventry,330,335,335,
10293,PP Bags 50Kg,S18_3140,Male,43,Lichfield,477,133,93,393
10266,PP Bags 50Kg,S18_2870,Male,57,Exeter,415,249,174,306
10135,PP Bags 50Kg,S12_4675,Male,27,Oxford,374,383,383,
10203,PP Bags 50Kg,S18_3278,Female,21,Manchester,399,229,160,297
10175,PP Bags 50Kg,S18_2432,Male,30,Bath,211,171,85,125
10263,PP Bags 50Kg,S18_2581,Female,21,Lincoln,483,131,92,399
10292,PP Bags 50Kg,S18_3232,Female,43,Colchester,283,357,357,
10287,PP Bags 50Kg,S12_3990,Male,29,Kingston-upon-Hull,418,141,99,338
10182,PP Bags 50Kg,S18_3320,Male,57,Salford,422,172,120,333
10321,PP Bags 50Kg,S18_2870,Male,57,Exeter,178,193,96,81
10140,PP Bags 50Kg,S18_2432,Male,30,Bath,208,210,105,103
10322,PP Bags 50Kg,S10_4962,Female,37,Newcastle-upon-Tyne,230,392,392,
10236,PP Bags 50Kg,S10_2016,Male,24,Hereford,266,367,367,
10124,PP Bags 50Kg,S18_1749,Male,41,Coventry,273,361,361,
10181,PP Bags 50Kg,S12_3380,Male,41,Chichester,507,169,119,410
10186,PP Bags 50Kg,S18_3029,Female,35,Coventry,437,166,116,349
10225,PP Bags 50Kg,S12_3990,Male,29,Kingston-upon-Hull,183,184,92,91
10291,PP Bags 50Kg,S18_3136,Female,33,Milton Keynes,321,320,320,
10228,PP Bags 50Kg,S18_2957,Female,46,Durham,455,128,90,375
10107,PP Bags 50Kg,S10_1678,Male,33,London,170,225,112,58
10334,PP Bags 50Kg,S18_3232,Female,43,Colchester,440,204,143,341
10275,PP Bags 50Kg,S10_2016,Male,24,Hereford,151,174,87,64
10321,PP Bags 50Kg,S18_1889,Male,38,Ely,223,182,91,132
10374,PP Bags 50Kg,S18_2581,Female,21,Lincoln,302,310,310,
10248,PP Bags 50Kg,S10_4757,Female,54,Doncaster,386,219,153,288
10412,PP Bags 50Kg,S18_2432,Male,30,Bath,241,360,360,
10126,PP Bags 50Kg,S18_3136,Female,33,Milton Keynes,314,331,331,
10311,PP Bags 50Kg,S18_1589,Female,33,Leeds,431,219,153,329
10329,PP Bags 50Kg,S12_1099,Male,46,Manchester,491,173,121,395
10288,PP Bags 50Kg,S18_1589,Female,33,Leeds,228,355,355,
10281,PP Bags 50Kg,S12_1666,Female,57,Carlisle,454,169,118,363
10381,PP Bags 50Kg,S12_1666,Female,57,Carlisle,479,257,180,362
10227,PP Bags 50Kg,S18_1342,Female,40,Liverpool,157,108,54,103
10280,PP Bags 50Kg,S18_2957,Female,46,Durham,335,396,396,
10329,PP Bags 50Kg,S18_1889,Male,38,Ely,252,160,80,172
10270,PP Bags 50Kg,S18_2949,Female,33,Salford,464,135,94,381
10321,PP Bags 50Kg,S12_4675,Male,27,Oxford,142,191,95,47
10339,PP Bags 50Kg,S10_4698,Male,53,Norwich,257,369,369,
10358,PP Bags 50Kg,S18_3232,Female,43,Colchester,184,215,107,77
10283,PP Bags 50Kg,S10_4757,Female,54,Doncaster,297,315,315,
10238,PP Bags 50Kg,S18_3278,Female,21,Manchester,330,406,406,
10250,PP Bags 50Kg,S24_3949,Male,51,Derby,461,182,127,365
10210,PP Bags 50Kg,S10_2016,Male,24,Hereford,191,145,73,119
10271,PP Bags 50Kg,S12_4473,Male,33,London,232,174,87,145
10201,PP Bags 50Kg,S10_2016,Male,24,Hereford,222,198,99,123
10107,PP Bags 50Kg,S12_2823,Male,36,Chichester,165,155,78,88
10359,PP Bags 50Kg,S12_3891,Male,28,Chester,432,175,122,341
10325,PP Bags 50Kg,S10_4757,Female,54,Doncaster,390,156,109,309
10205,PP Bags 50Kg,S18_1367,Female,33,Colchester,416,147,103,335
10253,PP Bags 50Kg,S18_1129,Male,41,Chelmsford,352,374,374,
10419,PP Bags 50Kg,S12_3990,Male,29,Kingston-upon-Hull,484,104,73,408
10123,PP Bags 50Kg,S18_1589,Female,33,Leeds,229,124,62,167
10310,PP Bags 50Kg,S12_3380,Male,41,Chichester,183,204,102,81
10336,PP Bags 50Kg,S12_3891,Male,28,Chester,126,228,114,12
10193,PP Bags 50Kg,S18_1342,Female,40,Liverpool,466,145,101,380
10208,PP Bags 50Kg,S12_3891,Male,28,Chester,355,410,410,
10277,PP Bags 50Kg,S12_4675,Male,27,Oxford,323,403,403,
10208,PP Bags 50Kg,S12_3148,Male,48,Leicester,455,124,87,376
10369,PP Bags 50Kg,S18_1367,Female,33,Colchester,476,133,93,392
10238,PP Bags 50Kg,S12_3380,Male,41,Chichester,259,386,386,
10329,PP Bags 50Kg,S10_2016,Male,24,Hereford,344,349,349,
10276,PP Bags 50Kg,S12_3990,Male,29,Kingston-upon-Hull,196,383,383,
10139,PP Bags 50Kg,S18_1342,Female,40,Liverpool,216,196,98,118
10140,PP Bags 50Kg,S10_4962,Female,37,Newcastle-upon-Tyne,443,149,104,358
10334,PP Bags 50Kg,S10_4962,Female,37,Newcastle-upon-Tyne,311,341,341,
10251,PP Bags 50Kg,S10_1678,Male,33,London,224,306,306,
10150,PP Bags 50Kg,S10_4962,Female,37,Newcastle-upon-Tyne,386,243,170,282
10204,PP Bags 50Kg,S18_2325,Female,52,Bradford,160,121,60,100
10388,PP Bags 50Kg,S10_1678,Male,33,London,336,354,397,
10411,PP Bags 50Kg,S18_1097,Female,38,Derby,431,82,58,365
10382,PP Bags 50Kg,S12_3891,Male,28,Chester,328,311,311,
10256,PP Bags 50Kg,S18_1342,Female,40,Liverpool,214,150,75,139
10125,PP Bags 50Kg,S18_1342,Female,40,Liverpool,259,405,405,
10333,PP Bags 50Kg,S12_1666,Female,57,Carlisle,433,184,129,340
10111,PP Bags 50Kg,S18_1342,Female,40,Liverpool,218,190,95,122
10363,PP Bags 50Kg,S12_3380,Male,41,Chichester,215,341,341,
10192,PP Bags 50Kg,S18_1129,Male,41,Chelmsford,480,95,67,406
10134,PP Bags 50Kg,S10_2016,Male,24,Hereford,203,216,108,95
10151,PP Bags 50Kg,S12_4473,Male,33,London,162,195,97,64
10126,PP Bags 50Kg,S10_4962,Female,37,Newcastle-upon-Tyne,188,172,86,103
10228,PP Bags 50Kg,S18_1097,Female,38,Derby,445,211,148,343
10341,PP Bags 50Kg,S12_3990,Male,29,Kingston-upon-Hull,238,318,318,
10395,PP Bags 50Kg,S10_4757,Female,54,Doncaster,179,96,48,131
10390,PP Bags 50Kg,S18_1129,Male,41,Chelmsford,451,120,84,374
10261,PP Bags 50Kg,S10_4757,Female,54,Doncaster,421,158,111,337
10207,PP Bags 50Kg,S12_4473,Male,33,London,145,87,44,101
10413,PP Bags 50Kg,S12_3891,Male,28,Chester,330,377,377,
10103,PP Bags 50Kg,S12_1666,Female,57,Carlisle,214,387,387,
10113,PP Bags 50Kg,S12_1666,Female,57,Carlisle,211,180,90,121
10313,PP Bags 50Kg,S18_2319,Male,44,Manchester,389,188,132,299
10375,PP Bags 50Kg,S12_1099,Male,46,Manchester,149,169,84,65
10295,PP Bags 50Kg,S10_4757,Female,54,Doncaster,444,190,133,349
10287,PP Bags 50Kg,S12_1099,Male,46,Manchester,206,214,107,99
10183,PP Bags 50Kg,S10_4962,Female,37,Newcastle-upon-Tyne,424,208,145,326
10417,PP Bags 50Kg,S12_2823,Male,36,Chichester,183,111,56,128
10229,PP Bags 50Kg,S12_1666,Female,57,Carlisle,437,183,128,344
10245,PP Bags 50Kg,S18_1097,Female,38,Derby,287,367,367,
10168,PP Bags 50Kg,S10_1678,Male,33,London,298,340,340,
10108,PP Bags 50Kg,S12_3990,Male,29,Kingston-upon-Hull,433,219,153,330
10178,PP Bags 50Kg,S10_4757,Female,54,Doncaster,379,217,152,282
10147,PP Bags 50Kg,S12_3380,Male,41,Chichester,267,361,361,
10273,PP Bags 50Kg,S10_4757,Female,54,Doncaster,176,200,100,76
10304,PP Bags 50Kg,S18_1342,Female,40,Liverpool,473,188,132,375
10164,PP Bags 50Kg,S10_4962,Female,37,Newcastle-upon-Tyne,166,141,71,95
10329,PP Bags 50Kg,S12_2823,Male,36,Chichester,257,160,80,177
10175,PP Bags 50Kg,S12_4473,Male,33,London,435,147,103,352
10371,PP Bags 50Kg,S12_1108,Female,50,Nottingham,424,123,86,348
10164,PP Bags 50Kg,S18_1097,Female,38,Derby,487,178,125,390
10341,PP Bags 50Kg,S12_1099,Male,46,Manchester,437,162,113,349
10347,PP Bags 50Kg,S12_1666,Female,57,Carlisle,486,164,115,393
10342,PP Bags 50Kg,S18_1889,Male,38,Ely,405,203,142,310
10214,PP Bags 50Kg,S18_2325,Female,52,Bradford,168,217,109,59
10329,PP Bags 50Kg,S12_3990,Male,29,Kingston-upon-Hull,289,349,349,
10287,PP Bags 50Kg,S18_1889,Male,38,Ely,303,339,339,
10306,PP Bags 50Kg,S12_3891,Male,28,Chester,453,220,154,349
10136,PP Bags 50Kg,S18_1129,Male,41,Chelmsford,227,179,90,137
10203,PP Bags 50Kg,S12_3990,Male,29,Kingston-upon-Hull,330,335,335,
10188,PP Bags 50Kg,S10_2016,Male,24,Hereford,284,376,376,
10168,PP Bags 50Kg,S10_2016,Male,24,Hereford,146,219,109,37
10362,PP Bags 50Kg,S10_4698,Male,53,Norwich,195,180,90,105
10280,PP Bags 50Kg,S18_1749,Male,41,Coventry,228,414,414,
10263,PP Bags 50Kg,S10_1678,Male,33,London,290,355,355,
10122,PP Bags 50Kg,S12_3380,Male,41,Chichester,365,364,364,
10322,PP Bags 50Kg,S18_1342,Female,40,Liverpool,290,338,338,
10205,PP Bags 50Kg,S18_1342,Female,40,Liverpool,414,139,98,335
10145,PP Bags 50Kg,S10_1678,Male,33,London,164,205,102,62
10298,PP Bags 50Kg,S10_2016,Male,24,Hereford,340,236,165,243
10161,PP Bags 50Kg,S18_1129,Male,41,Chelmsford,244,175,87,157
10425,PP Bags 50Kg,S18_2319,Male,44,Manchester,222,156,78,144
10282,PP Bags 50Kg,S12_3891,Male,28,Chester,411,241,169,305
10101,PP Bags 50Kg,S18_2325,Female,52,Bradford,351,156,109,274
10300,PP Bags 50Kg,S18_1889,Male,38,Ely,186,150,75,111
10196,PP Bags 50Kg,S12_3148,Male,48,Leicester,183,184,92,91
10357,PP Bags 50Kg,S18_1097,Female,38,Derby,200,119,60,141
10382,PP Bags 50Kg,S12_1108,Female,50,Nottingham,155,103,51,103
10419,PP Bags 50Kg,S12_4675,Male,27,Oxford,474,158,111,384
10374,PP Bags 50Kg,S10_4698,Male,53,Norwich,216,336,336,
10191,PP Bags 50Kg,S12_1099,Male,46,Manchester,231,188,94,137
10312,PP Bags 50Kg,S18_1342,Female,40,Liverpool,460,120,84,382
10383,PP Bags 50Kg,S18_2319,Male,44,Manchester,450,224,157,344
10329,PP Bags 50Kg,S12_3380,Male,41,Chichester,465,186,131,368
10186,PP Bags 50Kg,S10_4757,Female,54,Doncaster,401,181,127,312
10291,PP Bags 50Kg,S10_4962,Female,37,Newcastle-upon-Tyne,287,339,339,
10126,PP Bags 50Kg,S18_1097,Female,38,Derby,329,361,361,
10110,PP Bags 50Kg,S18_2325,Female,52,Bradford,162,156,78,83
10375,PP Bags 50Kg,S12_2823,Male,36,Chichester,176,203,102,75
10362,PP Bags 50Kg,S12_2823,Male,36,Chichester,443,145,101,359
10185,PP Bags 50Kg,S12_1108,Female,50,Nottingham,135,102,51,84
10134,PP Bags 50Kg,S10_1678,Male,33,London,200,244,122,78
10370,PP Bags 50Kg,S18_1097,Female,38,Derby,312,390,390,
10103,PP Bags 50Kg,S18_1097,Female,38,Derby,480,144,101,393
10253,PP Bags 50Kg,S12_1099,Male,46,Manchester,449,174,122,357
10203,PP Bags 50Kg,S12_1099,Male,46,Manchester,137,174,87,50
10370,PP Bags 50Kg,S18_2319,Male,44,Manchester,223,169,85,138
10223,PP Bags 50Kg,S10_1678,Male,33,London,450,148,104,365
10206,PP Bags 50Kg,S18_1097,Female,38,Derby,473,107,75,397
10300,PP Bags 50Kg,S12_3380,Male,41,Chichester,471,148,103,384
10376,PP Bags 50Kg,S12_3380,Male,41,Chichester,354,228,160,257
10310,PP Bags 50Kg,S12_3990,Male,29,Kingston-upon-Hull,326,365,365,
10201,PP Bags 50Kg,S12_2823,Male,36,Chichester,204,116,58,146
10204,PP Bags 50Kg,S18_1589,Female,33,Leeds,170,148,74,96
10259,PP Bags 50Kg,S10_4962,Female,37,Newcastle-upon-Tyne,240,348,348,
10185,PP Bags 50Kg,S12_3148,Male,48,Leicester,475,176,124,380
10308,PP Bags 50Kg,S10_2016,Male,24,Hereford,485,150,105,396
10373,PP Bags 50Kg,S10_4757,Female,54,Doncaster,484,160,112,392
10206,PP Bags 50Kg,S12_1666,Female,57,Carlisle,266,356,356,
10336,PP Bags 50Kg,S12_3148,Male,48,Leicester,449,138,97,367
10363,PP Bags 50Kg,S12_4675,Male,27,Oxford,439,267,187,323
10382,PP Bags 50Kg,S12_3148,Male,48,Leicester,433,182,128,341
10207,PP Bags 50Kg,S10_4962,Female,37,Newcastle-upon-Tyne,382,399,399,
10270,PP Bags 50Kg,S12_1666,Female,57,Carlisle,434,133,93,355
10285,PP Bags 50Kg,S10_1678,Male,33,London,447,143,100,364
10150,PP Bags 50Kg,S12_1666,Female,57,Carlisle,196,178,89,107
10319,PP Bags 50Kg,S12_2823,Male,36,Chichester,303,377,377,
10316,PP Bags 50Kg,S10_4757,Female,54,Doncaster,226,385,385,
10159,PP Bags 50Kg,S10_4698,Male,53,Norwich,481,124,87,399
10341,PP Bags 50Kg,S12_4675,Male,27,Oxford,266,444,444,
10299,PP Bags 50Kg,S12_2823,Male,36,Chichester,193,114,57,136
10247,PP Bags 50Kg,S12_3891,Male,28,Chester,275,422,422,
10270,PP Bags 50Kg,S18_1097,Female,38,Derby,251,360,360,
10275,PP Bags 50Kg,S10_1678,Male,33,London,156,91,46,110
10212,PP Bags 50Kg,S12_4675,Male,27,Oxford,435,111,78,362
10140,PP Bags 50Kg,S18_1097,Female,38,Derby,453,108,75,378
10312,PP Bags 50Kg,S18_1097,Female,38,Derby,472,99,70,398
10168,PP Bags 50Kg,S10_4698,Male,53,Norwich,430,240,168,322
10212,PP Bags 50Kg,S18_1129,Male,41,Chelmsford,215,134,67,148
10237,PP Bags 50Kg,S12_2823,Male,36,Chichester,445,224,157,340
10356,PP Bags 50Kg,S18_1129,Male,41,Chelmsford,183,172,86,97
10341,PP Bags 50Kg,S12_3380,Male,41,Chichester,161,189,94,67
10293,PP Bags 50Kg,S12_3148,Male,48,Leicester,290,374,374,
10192,PP Bags 50Kg,S18_1589,Female,33,Leeds,209,159,79,130
10194,PP Bags 50Kg,S10_4962,Female,37,Newcastle-upon-Tyne,290,375,375,
10272,PP Bags 50Kg,S12_3148,Male,48,Leicester,390,212,148,294
10162,PP Bags 50Kg,S18_2325,Female,52,Bradford,265,356,356,
10270,PP Bags 50Kg,S10_4962,Female,37,Newcastle-upon-Tyne,348,366,366,
10114,PP Bags 50Kg,S10_4962,Female,37,Newcastle-upon-Tyne,198,161,80,117
10318,PP Bags 50Kg,S10_1678,Male,33,London,388,170,119,304
10282,PP Bags 50Kg,S12_3148,Male,48,Leicester,181,208,104,77
10332,PP Bags 50Kg,S18_1342,Female,40,Liverpool,221,85,42,179
10109,PP Bags 50Kg,S18_1129,Male,41,Chelmsford,310,352,352,
10137,PP Bags 50Kg,S18_1589,Female,33,Leeds,450,193,135,353
10247,PP Bags 50Kg,S12_3148,Male,48,Leicester,202,145,72,130
10162,PP Bags 50Kg,S18_1342,Female,40,Liverpool,388,219,153,291
10309,PP Bags 50Kg,S10_1678,Male,33,London,297,375,375,
10329,PP Bags 50Kg,S10_1678,Male,33,London,299,318,318,
10129,PP Bags 50Kg,S10_4757,Female,54,Doncaster,480,135,95,396
10349,PP Bags 50Kg,S12_3891,Male,28,Chester,337,288,288,
10411,PP Bags 50Kg,S10_4962,Female,37,Newcastle-upon-Tyne,334,346,346,
10347,PP Bags 50Kg,S10_4962,Female,37,Newcastle-upon-Tyne,440,200,140,342
10124,PP Bags 50Kg,S18_2325,Female,52,Bradford,460,228,159,353
10419,PP Bags 50Kg,S18_1129,Male,41,Chelmsford,457,123,86,378
10266,PP Bags 50Kg,S12_4675,Male,27,Oxford,462,163,114,371
10263,PP Bags 50Kg,S10_2016,Male,24,Hereford,214,129,65,150
10174,PP Bags 50Kg,S18_1097,Female,38,Derby,145,168,84,61
10212,PP Bags 50Kg,S18_1589,Female,33,Leeds,451,211,148,349
10173,PP Bags 50Kg,S18_2325,Female,52,Bradford,343,349,349,
10171,PP Bags 50Kg,S18_1129,Male,41,Chelmsford,178,132,66,112
10304,PP Bags 50Kg,S18_1097,Female,38,Derby,230,430,430,
10189,PP Bags 50Kg,S12_2823,Male,36,Chichester,165,101,51,114
10184,PP Bags 50Kg,S12_4473,Male,33,London,417,237,166,311
10225,PP Bags 50Kg,S12_1099,Male,46,Manchester,434,224,157,330
10229,PP Bags 50Kg,S12_4473,Male,33,London,427,169,118,339
10155,PP Bags 50Kg,S10_4757,Female,54,Doncaster,396,228,159,295
10225,PP Bags 50Kg,S18_1129,Male,41,Chelmsford,330,366,366,
10105,PP Bags 50Kg,S12_3891,Male,28,Chester,322,326,326,
10289,PP Bags 50Kg,S18_1342,Female,40,Liverpool,203,124,62,141
10308,PP Bags 50Kg,S10_4698,Male,53,Norwich,335,311,311,
10245,PP Bags 50Kg,S10_4962,Female,37,Newcastle-upon-Tyne,425,123,86,349
10104,PP Bags 50Kg,S12_4473,Male,33,London,436,245,171,327
10169,PP Bags 50Kg,S12_2823,Male,36,Chichester,136,116,58,78
10150,PP Bags 50Kg,S18_1097,Female,38,Derby,449,215,150,346
10193,PP Bags 50Kg,S18_2325,Female,52,Bradford,207,161,81,126
10309,PP Bags 50Kg,S12_2823,Male,36,Chichester,339,401,401,
10278,PP Bags 50Kg,S18_1129,Male,41,Chelmsford,345,399,399,
10244,PP Bags 50Kg,S18_1342,Female,40,Liverpool,347,356,356,
10291,PP Bags 50Kg,S18_1097,Female,38,Derby,242,396,396,
10180,PP Bags 50Kg,S10_2016,Male,24,Hereford,191,153,77,114
10381,PP Bags 50Kg,S18_1097,Female,38,Derby,448,119,84,371
10211,PP Bags 50Kg,S10_1678,Male,33,London,510,173,121,412
10220,PP Bags 50Kg,S12_3148,Male,48,Leicester,194,156,78,116
10287,PP Bags 50Kg,S12_3380,Male,41,Chichester,395,217,152,297
10359,PP Bags 50Kg,S12_1108,Female,50,Nottingham,343,350,350,
10211,PP Bags 50Kg,S12_2823,Male,36,Chichester,496,129,90,412
10305,PP Bags 50Kg,S12_4473,Male,33,London,185,170,85,100
10322,PP Bags 50Kg,S12_1666,Female,57,Carlisle,229,222,111,118
10348,PP Bags 50Kg,S12_3148,Male,48,Leicester,215,149,74,141
10102,PP Bags 50Kg,S18_1342,Female,40,Liverpool,310,340,340,
10140,PP Bags 50Kg,S12_1666,Female,57,Carlisle,270,356,356,
10384,PP Bags 50Kg,S10_4757,Female,54,Doncaster,309,381,381,
10320,PP Bags 50Kg,S12_3380,Male,41,Chichester,164,145,72,91
10422,PP Bags 50Kg,S18_1342,Female,40,Liverpool,251,416,416,
10165,PP Bags 50Kg,S12_3148,Male,48,Leicester,328,405,405,
10219,PP Bags 50Kg,S12_4473,Male,33,London,470,201,141,369
10153,PP Bags 50Kg,S12_1108,Female,50,Nottingham,454,144,101,370
10253,PP Bags 50Kg,S12_4675,Male,27,Oxford,261,118,59,202
10113,PP Bags 50Kg,S18_1097,Female,38,Derby,416,205,144,319
10194,PP Bags 50Kg,S12_1666,Female,57,Carlisle,301,394,394,
10212,PP Bags 50Kg,S12_3380,Male,41,Chichester,308,381,381,
10149,PP Bags 50Kg,S18_2325,Female,52,Bradford,148,190,95,53
10306,PP Bags 50Kg,S12_3148,Male,48,Leicester,186,166,83,103
10142,PP Bags 50Kg,S12_3148,Male,48,Leicester,250,159,79,171
10391,PP Bags 50Kg,S18_1367,Female,33,Colchester,497,180,126,399
10119,PP Bags 50Kg,S10_4757,Female,54,Doncaster,410,177,124,321
10122,PP Bags 50Kg,S18_1129,Male,41,Chelmsford,207,406,406,
10159,PP Bags 50Kg,S10_2016,Male,24,Hereford,252,413,413,
10169,PP Bags 50Kg,S12_1099,Male,46,Manchester,444,116,81,368
10173,PP Bags 50Kg,S18_1342,Female,40,Liverpool,471,200,140,370
10220,PP Bags 50Kg,S12_3891,Male,28,Chester,307,409,409,
10246,PP Bags 50Kg,S12_4473,Male,33,London,200,173,86,113
10215,PP Bags 50Kg,S18_1097,Female,38,Derby,310,339,339,
10145,PP Bags 50Kg,S10_4698,Male,53,Norwich,121,127,63,57
10276,PP Bags 50Kg,S12_2823,Male,36,Chichester,432,199,139,335
10377,PP Bags 50Kg,S12_4675,Male,27,Oxford,214,180,90,124
10145,PP Bags 50Kg,S10_2016,Male,24,Hereford,425,154,108,341
10203,PP Bags 50Kg,S12_4675,Male,27,Oxford,376,173,121,292
10209,PP Bags 50Kg,S10_4757,Female,54,Doncaster,430,163,114,343
10159,PP Bags 50Kg,S10_1678,Male,33,London,161,231,116,46
10349,PP Bags 50Kg,S18_2319,Male,44,Manchester,457,169,118,366
10349,PP Bags 50Kg,S12_4473,Male,33,London,471,172,121,377
10280,PP Bags 50Kg,S18_1342,Female,40,Liverpool,273,353,353,
10389,PP Bags 50Kg,S12_4675,Male,27,Oxford,268,348,348,
10281,PP Bags 50Kg,S12_4473,Male,33,London,440,181,127,347
10108,PP Bags 50Kg,S12_1099,Male,46,Manchester,215,206,103,112
10374,PP Bags 50Kg,S10_2016,Male,24,Hereford,486,126,89,403
10160,PP Bags 50Kg,S12_3380,Male,41,Chichester,260,362,362,
10197,PP Bags 50Kg,S10_4757,Female,54,Doncaster,180,193,97,83
10175,PP Bags 50Kg,S10_4962,Female,37,Newcastle-upon-Tyne,447,109,76,373
10153,PP Bags 50Kg,S12_3148,Male,48,Leicester,194,143,72,122
10103,PP Bags 50Kg,S10_4962,Female,37,Newcastle-upon-Tyne,318,400,400,
10181,PP Bags 50Kg,S12_1099,Male,46,Manchester,478,164,115,386
10181,PP Bags 50Kg,S18_1129,Male,41,Chelmsford,246,349,349,
10223,PP Bags 50Kg,S10_2016,Male,24,Hereford,259,296,296,
10110,PP Bags 50Kg,S18_1589,Female,33,Leeds,334,435,435,
10181,PP Bags 50Kg,S18_1589,Female,33,Leeds,291,355,355,
10285,PP Bags 50Kg,S10_4698,Male,53,Norwich,427,176,124,336
10258,PP Bags 50Kg,S18_1097,Female,38,Derby,284,372,372,
10170,PP Bags 50Kg,S12_3380,Male,41,Chichester,147,104,52,95
10276,PP Bags 50Kg,S12_3380,Male,41,Chichester,242,334,334,
10412,PP Bags 50Kg,S18_2319,Male,44,Manchester,206,160,80,126
10188,PP Bags 50Kg,S10_1678,Male,33,London,157,132,66,91
10300,PP Bags 50Kg,S12_1099,Male,46,Manchester,177,114,57,120
10391,PP Bags 50Kg,S18_1342,Female,40,Liverpool,278,337,337,
10165,PP Bags 50Kg,S12_3891,Male,28,Chester,255,389,389,
10318,PP Bags 50Kg,S10_2016,Male,24,Hereford,444,198,138,346
10191,PP Bags 50Kg,S12_3380,Male,41,Chichester,186,221,110,76
10143,PP Bags 50Kg,S10_4757,Female,54,Doncaster,179,159,80,99
10240,PP Bags 50Kg,S18_1129,Male,41,Chelmsford,211,224,112,99
10115,PP Bags 50Kg,S12_4473,Male,33,London,300,361,361,
10251,PP Bags 50Kg,S10_2016,Male,24,Hereford,197,156,78,119
10216,PP Bags 50Kg,S12_1666,Female,57,Carlisle,409,204,143,313
10238,PP Bags 50Kg,S12_1099,Male,46,Manchester,340,363,363,
10357,PP Bags 50Kg,S10_4962,Female,37,Newcastle-upon-Tyne,408,137,96,330
10321,PP Bags 50Kg,S18_1129,Male,41,Chelmsford,419,157,110,335
10334,PP Bags 50Kg,S18_2319,Male,44,Manchester,243,369,369,
10272,PP Bags 50Kg,S12_1108,Female,50,Nottingham,441,115,80,366
10402,PP Bags 50Kg,S10_2016,Male,24,Hereford,119,204,102,17
10148,PP Bags 50Kg,S18_1589,Female,33,Leeds,184,204,102,82
10372,PP Bags 50Kg,S12_3148,Male,48,Leicester,441,220,154,338
10329,PP Bags 50Kg,S10_4698,Male,53,Norwich,469,203,142,367
10417,PP Bags 50Kg,S10_2016,Male,24,Hereford,172,70,35,137
10425,PP Bags 50Kg,S10_4962,Female,37,Newcastle-upon-Tyne,427,147,103,345
10377,PP Bags 50Kg,S18_1129,Male,41,Chelmsford,331,314,314,
10149,PP Bags 50Kg,S18_1342,Female,40,Liverpool,288,357,357,
10117,PP Bags 50Kg,S12_3148,Male,48,Leicester,207,212,106,101
10301,PP Bags 50Kg,S18_1129,Male,41,Chelmsford,311,370,370,
10245,PP Bags 50Kg,S12_1666,Female,57,Carlisle,413,222,155,312
10167,PP Bags 50Kg,S10_4757,Female,54,Doncaster,234,354,354,
10117,PP Bags 50Kg,S12_3891,Male,28,Chester,294,408,408,
10372,PP Bags 50Kg,S12_3891,Male,28,Chester,265,430,430,
10412,PP Bags 50Kg,S12_4473,Male,33,London,143,180,90,53
10388,PP Bags 50Kg,S12_2823,Male,36,Chichester,178,176,88,90
10104,PP Bags 50Kg,S12_3148,Male,48,Leicester,483,141,99,397
10357,PP Bags 50Kg,S12_1666,Female,57,Carlisle,275,366,366,
10222,PP Bags 50Kg,S10_4757,Female,54,Doncaster,469,195,136,369
10135,PP Bags 50Kg,S12_3380,Male,41,Chichester,262,151,75,187
10117,PP Bags 50Kg,S12_1108,Female,50,Nottingham,269,318,318,
10107,PP Bags 50Kg,S10_4698,Male,53,Norwich,247,157,78,168
10224,PP Bags 50Kg,S12_2823,Male,36,Chichester,405,164,115,321
10396,PP Bags 50Kg,S12_3891,Male,28,Chester,154,190,95,59
10210,PP Bags 50Kg,S10_4698,Male,53,Norwich,221,165,82,139
10108,PP Bags 50Kg,S12_3380,Male,41,Chichester,421,156,109,337
10161,PP Bags 50Kg,S18_1589,Female,33,Leeds,170,94,47,123
10243,PP Bags 50Kg,S18_2325,Female,52,Bradford,248,385,385,
10183,PP Bags 50Kg,S12_1666,Female,57,Carlisle,512,159,111,418
10204,PP Bags 50Kg,S18_1129,Male,41,Chelmsford,458,93,65,387
10314,PP Bags 50Kg,S12_4473,Male,33,London,463,184,129,367
10381,PP Bags 50Kg,S10_4962,Female,37,Newcastle-upon-Tyne,196,144,72,124
10310,PP Bags 50Kg,S18_1129,Male,41,Chelmsford,233,168,84,149
10411,PP Bags 50Kg,S12_1666,Female,57,Carlisle,307,409,409,
10159,PP Bags 50Kg,S12_2823,Male,36,Chichester,188,137,68,120
10336,PP Bags 50Kg,S12_4473,Male,33,London,223,198,99,124
10291,PP Bags 50Kg,S12_1666,Female,57,Carlisle,357,171,120,275
10314,PP Bags 50Kg,S12_3148,Male,48,Leicester,391,230,161,290
10304,PP Bags 50Kg,S12_1666,Female,57,Carlisle,159,168,84,76
10229,PP Bags 50Kg,S10_4962,Female,37,Newcastle-upon-Tyne,341,266,266,
10331,PP Bags 50Kg,S18_1129,Male,41,Chelmsford,412,118,83,339
10263,PP Bags 50Kg,S12_2823,Male,36,Chichester,442,115,81,367
10195,PP Bags 50Kg,S12_4473,Male,33,London,287,390,390,
10342,PP Bags 50Kg,S18_1129,Male,41,Chelmsford,458,147,103,372
10285,PP Bags 50Kg,S10_2016,Male,24,Hereford,324,383,383,
10287,PP Bags 50Kg,S18_1129,Male,41,Chelmsford,170,110,55,115
10259,PP Bags 50Kg,S12_4473,Male,33,London,442,214,149,340
10164,PP Bags 50Kg,S12_1666,Female,57,Carlisle,308,333,333,
10306,PP Bags 50Kg,S12_1108,Female,50,Nottingham,299,333,333,
10258,PP Bags 50Kg,S12_1666,Female,57,Carlisle,415,111,78,344
10313,PP Bags 50Kg,S10_4962,Female,37,Newcastle-upon-Tyne,148,141,70,78
10305,PP Bags 50Kg,S10_4962,Female,37,Newcastle-upon-Tyne,402,143,100,323
10299,PP Bags 50Kg,S10_4698,Male,53,Norwich,192,217,108,84
10180,PP Bags 50Kg,S12_2823,Male,36,Chichester,328,357,357,
10174,PP Bags 50Kg,S12_1666,Female,57,Carlisle,156,142,71,85
10165,PP Bags 50Kg,S12_4473,Male,33,London,493,173,121,397
10285,PP Bags 50Kg,S12_2823,Male,36,Chichester,280,290,290,
10320,PP Bags 50Kg,S12_1099,Male,46,Manchester,262,357,357,
10275,PP Bags 50Kg,S10_4698,Male,53,Norwich,301,367,367,
10314,PP Bags 50Kg,S12_3891,Male,28,Chester,311,410,410,
10310,PP Bags 50Kg,S12_1099,Male,46,Manchester,138,111,55,83
10231,PP Bags 50Kg,S12_3891,Male,28,Chester,319,309,309,
10203,PP Bags 50Kg,S24_3856,Male,41,Doncaster,468,153,107,380
10230,PP Bags 50Kg,S12_3148,Male,48,Leicester,433,145,102,350
10230,PP Bags 50Kg,S12_3148,Male,48,Leicester,181,220,110,71
10227,PP Bags 50Kg,S18_2325,Female,52,Bradford,370,366,366,
10227,PP Bags 50Kg,S18_2325,Female,52,Bradford,211,201,101,111
10227,PP Bags 50Kg,S18_2325,Female,52,Bradford,433,121,85,357
10217,PP Bags 50Kg,S10_4962,Female,37,Newcastle-upon-Tyne,379,155,108,299
10217,PP Bags 50Kg,S10_4962,Female,37,Newcastle-upon-Tyne,259,371,371,
10281,PP Bags 50Kg,S10_4962,Female,37,Newcastle-upon-Tyne,464,151,106,377
10281,PP Bags 50Kg,S10_4962,Female,37,Newcastle-upon-Tyne,227,362,362,
10237,PP Bags 50Kg,S10_4698,Male,53,Norwich,458,179,126,363
10237,PP Bags 50Kg,S10_4698,Male,53,Norwich,373,248,174,268
10134,PP Bags 50Kg,S10_4698,Male,53,Norwich,131,185,92,39
10134,PP Bags 50Kg,S10_4698,Male,53,Norwich,435,200,140,337
10372,PP Bags 50Kg,S18_4027,Female,34,Durham,301,383,383,
10372,PP Bags 50Kg,S18_4027,Female,34,Durham,218,129,65,154
10153,PP Bags 50Kg,S12_3891,Male,28,Chester,265,371,371,
10153,PP Bags 50Kg,S12_3891,Male,28,Chester,469,121,85,389
10407,PP Bags 50Kg,S18_1589,Female,33,Leeds,262,393,393,
10407,PP Bags 50Kg,S18_1589,Female,33,Leeds,468,183,128,372
10207,PP Bags 50Kg,S18_2238,Male,60,Bradford,359,405,405,
10207,PP Bags 50Kg,S18_2238,Male,60,Bradford,204,178,89,115
10282,PP Bags 50Kg,S12_1108,Female,50,Nottingham,107,152,76,31
10282,PP Bags 50Kg,S12_1108,Female,50,Nottingham,270,426,426,
10251,PP Bags 50Kg,S10_4698,Male,53,Norwich,411,154,108,328
10251,PP Bags 50Kg,S10_4698,Male,53,Norwich,333,325,325,
10126,PP Bags 50Kg,S18_4600,Female,36,Ely,451,169,119,360
10126,PP Bags 50Kg,S18_4600,Female,36,Ely,108,146,73,35
10126,PP Bags 50Kg,S18_4600,Female,36,Ely,384,188,131,295
10239,PP Bags 50Kg,S18_3232,Female,43,Colchester,171,103,51,120
10239,PP Bags 50Kg,S18_3232,Female,43,Colchester,219,152,76,143
10401,PP Bags 50Kg,S700_3167,Male,34,Exeter,139,139,70,69
10401,PP Bags 50Kg,S700_3167,Male,34,Exeter,444,142,99,361
10348,PP Bags 50Kg,S18_4668,Male,52,Gloucester,398,165,115,314
10348,PP Bags 50Kg,S18_4668,Male,52,Gloucester,270,390,390,
10348,PP Bags 50Kg,S18_4668,Male,52,Gloucester,218,421,421,
10151,PP Bags 50Kg,S18_2238,Male,60,Bradford,414,216,151,314
10151,PP Bags 50Kg,S18_2238,Male,60,Bradford,248,332,332,
10318,PP Bags 50Kg,S700_2834,Male,22,Hereford,334,370,370,
10318,PP Bags 50Kg,S700_2834,Male,22,Hereford,492,104,73,415
10246,PP Bags 50Kg,S18_3232,Female,43,Colchester,467,196,137,367
10246,PP Bags 50Kg,S18_3232,Female,43,Colchester,467,188,132,369
10291,PP Bags 50Kg,S10_1949,Female,41,Bath,436,203,142,338
10291,PP Bags 50Kg,S10_1949,Female,41,Bath,473,131,92,390
10292,PP Bags 50Kg,S18_4027,Female,34,Durham,503,175,123,406
10292,PP Bags 50Kg,S18_4027,Female,34,Durham,281,411,411,
10127,PP Bags 50Kg,S18_2238,Male,60,Bradford,181,210,105,76
10127,PP Bags 50Kg,S18_2238,Male,60,Bradford,271,337,337,
10388,PP Bags 50Kg,S700_2834,Male,22,Hereford,318,339,339,
10388,PP Bags 50Kg,S700_2834,Male,22,Hereford,421,206,144,323
10406,PP Bags 50Kg,S18_1984,Female,39,Carlisle,317,384,384,
10406,PP Bags 50Kg,S18_1984,Female,39,Carlisle,166,150,75,91
10220,PP Bags 50Kg,S12_1108,Female,50,Nottingham,441,113,79,367
10220,PP Bags 50Kg,S12_1108,Female,50,Nottingham,213,210,105,108
10407,PP Bags 50Kg,S24_2766,Male,26,Kingston-upon-Hull,427,193,135,333
10407,PP Bags 50Kg,S24_2766,Male,26,Kingston-upon-Hull,214,205,102,112
10424,PP Bags 50Kg,S18_1097,Female,38,Derby,158,110,55,103
10424,PP Bags 50Kg,S18_1097,Female,38,Derby,224,234,117,107
10324,PP Bags 50Kg,S18_2238,Male,60,Bradford,431,170,119,342
10324,PP Bags 50Kg,S18_2238,Male,60,Bradford,493,185,129,394
10105,PP Bags 50Kg,S10_4757,Female,54,Doncaster,226,205,103,123
10105,PP Bags 50Kg,S10_4757,Female,54,Doncaster,385,234,164,283
10112,PP Bags 50Kg,S10_1949,Female,41,Bath,482,154,108,393
10112,PP Bags 50Kg,S10_1949,Female,41,Bath,269,336,336,
10162,PP Bags 50Kg,S18_2795,Male,59,Chester,196,159,80,116
10162,PP Bags 50Kg,S18_2795,Male,59,Chester,498,131,91,413
10162,PP Bags 50Kg,S18_2795,Male,59,Chester,326,352,352,
10196,PP Bags 50Kg,S12_3891,Male,28,Chester,455,190,133,358
10196,PP Bags 50Kg,S12_3891,Male,28,Chester,272,369,369,
10230,PP Bags 50Kg,S18_4027,Female,34,Durham,174,166,83,91
10230,PP Bags 50Kg,S18_4027,Female,34,Durham,380,210,147,285
10377,PP Bags 50Kg,S18_3232,Female,43,Colchester,311,365,365,
10377,PP Bags 50Kg,S18_3232,Female,43,Colchester,443,245,171,332
10194,PP Bags 50Kg,S10_1949,Female,41,Bath,433,127,89,356
10194,PP Bags 50Kg,S10_1949,Female,41,Bath,143,165,82,60
10230,PP Bags 50Kg,S18_2238,Male,60,Bradford,216,404,404,
10230,PP Bags 50Kg,S18_2238,Male,60,Bradford,273,327,327,
10400,PP Bags 50Kg,S18_3856,Male,27,Lancaster,308,422,422,
10400,PP Bags 50Kg,S18_3856,Male,27,Lancaster,313,408,408,
10302,PP Bags 50Kg,S18_1749,Male,41,Coventry,404,179,125,315
10302,PP Bags 50Kg,S18_1749,Male,41,Coventry,214,137,68,146
10332,PP Bags 50Kg,S18_4409,Female,45,Leeds,162,137,68,94
10332,PP Bags 50Kg,S18_4409,Female,45,Leeds,326,377,377,
10332,PP Bags 50Kg,S18_4409,Female,45,Leeds,435,177,124,343
10126,PP Bags 50Kg,S10_1949,Female,41,Bath,193,205,103,91
10126,PP Bags 50Kg,S10_1949,Female,41,Bath,213,343,343,
10226,PP Bags 50Kg,S18_3685,Female,34,Leicester,267,363,363,
10226,PP Bags 50Kg,S18_3685,Female,34,Leicester,294,364,364,
10127,PP Bags 50Kg,S12_3148,Male,48,Leicester,196,129,65,132
10127,PP Bags 50Kg,S12_3148,Male,48,Leicester,303,312,312,
10140,PP Bags 50Kg,S10_1949,Female,41,Bath,459,216,151,355
10140,PP Bags 50Kg,S10_1949,Female,41,Bath,374,319,319,
10307,PP Bags 50Kg,S18_1662,Female,30,Lancaster,160,148,74,86
10307,PP Bags 50Kg,S18_1662,Female,30,Lancaster,184,193,96,87
10115,PP Bags 50Kg,S18_2238,Male,60,Bradford,207,226,113,94
10115,PP Bags 50Kg,S18_2238,Male,60,Bradford,354,386,386,
10184,PP Bags 50Kg,S18_2238,Male,60,Bradford,397,247,173,290
10184,PP Bags 50Kg,S18_2238,Male,60,Bradford,184,121,60,123
10349,PP Bags 50Kg,S18_3232,Female,43,Colchester,256,288,288,
10349,PP Bags 50Kg,S18_3232,Female,43,Colchester,149,199,100,49
10390,PP Bags 50Kg,S18_3482,Male,62,Lichfield,455,139,97,372
10390,PP Bags 50Kg,S18_3482,Male,62,Lichfield,189,146,73,116
10192,PP Bags 50Kg,S18_1984,Female,39,Carlisle,331,387,387,
10192,PP Bags 50Kg,S18_1984,Female,39,Carlisle,418,123,86,343
10305,PP Bags 50Kg,S18_3232,Female,43,Colchester,196,110,55,141
10305,PP Bags 50Kg,S18_3232,Female,43,Colchester,470,157,110,381
10336,PP Bags 50Kg,S18_2238,Male,60,Bradford,166,189,94,72
10336,PP Bags 50Kg,S18_2238,Male,60,Bradford,166,138,69,97
10176,PP Bags 50Kg,S12_1108,Female,50,Nottingham,262,298,298,
10176,PP Bags 50Kg,S12_1108,Female,50,Nottingham,460,206,144,358
10198,PP Bags 50Kg,S18_1662,Female,30,Lancaster,205,177,88,117
10198,PP Bags 50Kg,S18_1662,Female,30,Lancaster,324,357,357,
10301,PP Bags 50Kg,S18_1984,Female,39,Carlisle,191,150,75,116
10301,PP Bags 50Kg,S18_1984,Female,39,Carlisle,451,195,137,354
10205,PP Bags 50Kg,S18_2795,Male,59,Chester,194,199,100,94
10205,PP Bags 50Kg,S18_2795,Male,59,Chester,456,143,100,372
10205,PP Bags 50Kg,S18_2795,Male,59,Chester,272,328,328,
10211,PP Bags 50Kg,S12_1099,Male,46,Manchester,281,357,357,
10211,PP Bags 50Kg,S12_1099,Male,46,Manchester,393,179,125,306
10417,PP Bags 50Kg,S10_1678,Male,33,London,330,350,350,
10417,PP Bags 50Kg,S10_1678,Male,33,London,434,191,133,339
10401,PP Bags 50Kg,S700_2466,Female,52,Lincoln,230,189,94,136
10401,PP Bags 50Kg,S700_2466,Female,52,Lincoln,314,377,377,
10251,PP Bags 50Kg,S12_2823,Male,36,Chichester,182,224,112,70
10251,PP Bags 50Kg,S12_2823,Male,36,Chichester,385,149,104,306
10182,PP Bags 50Kg,S18_1749,Male,41,Coventry,204,173,86,118
10182,PP Bags 50Kg,S18_1749,Male,41,Coventry,440,175,123,349
10241,PP Bags 50Kg,S18_1749,Male,41,Coventry,261,413,413,
10241,PP Bags 50Kg,S18_1749,Male,41,Coventry,143,149,75,68
10122,PP Bags 50Kg,S12_1099,Male,46,Manchester,451,216,151,348
10122,PP Bags 50Kg,S12_1099,Male,46,Manchester,454,181,127,360
10195,PP Bags 50Kg,S18_3232,Female,43,Colchester,209,208,104,105
10195,PP Bags 50Kg,S18_3232,Female,43,Colchester,478,179,125,382
10344,PP Bags 50Kg,S18_1749,Male,41,Coventry,310,346,346,
10344,PP Bags 50Kg,S18_1749,Male,41,Coventry,238,350,350,
10344,PP Bags 50Kg,S18_1749,Male,41,Coventry,421,168,117,334
10318,PP Bags 50Kg,S10_4698,Male,53,Norwich,289,395,395,
10318,PP Bags 50Kg,S10_4698,Male,53,Norwich,178,195,98,80
10258,PP Bags 50Kg,S10_1949,Female,41,Bath,244,360,360,
10258,PP Bags 50Kg,S10_1949,Female,41,Bath,196,171,86,110
10419,PP Bags 50Kg,S18_2870,Male,57,Exeter,178,230,115,63
10419,PP Bags 50Kg,S18_2870,Male,57,Exeter,244,364,364,
10301,PP Bags 50Kg,S24_3856,Male,41,Doncaster,308,333,333,
10301,PP Bags 50Kg,S24_3856,Male,41,Doncaster,211,139,70,141
10341,PP Bags 50Kg,S10_1678,Male,33,London,398,229,160,297
10341,PP Bags 50Kg,S10_1678,Male,33,London,222,329,329,
10382,PP Bags 50Kg,S18_4668,Male,52,Gloucester,404,224,157,303
10382,PP Bags 50Kg,S18_4668,Male,52,Gloucester,198,158,79,119
10382,PP Bags 50Kg,S18_4668,Male,52,Gloucester,210,140,70,140
10176,PP Bags 50Kg,S12_3891,Male,28,Chester,394,244,170,289
10176,PP Bags 50Kg,S12_3891,Male,28,Chester,347,386,386,
10185,PP Bags 50Kg,S12_3891,Male,28,Chester,213,144,72,141
10185,PP Bags 50Kg,S12_3891,Male,28,Chester,267,365,365,
10319,PP Bags 50Kg,S18_4721,Female,40,Liverpool,404,242,170,298
10319,PP Bags 50Kg,S18_4721,Female,40,Liverpool,463,151,106,376
10319,PP Bags 50Kg,S18_4721,Female,40,Liverpool,326,339,339,
10299,PP Bags 50Kg,S18_4721,Female,40,Liverpool,213,141,70,143
10299,PP Bags 50Kg,S18_4721,Female,40,Liverpool,465,181,127,370
10299,PP Bags 50Kg,S18_4721,Female,40,Liverpool,123,146,73,50
10139,PP Bags 50Kg,S18_2795,Male,59,Chester,352,360,360,
10139,PP Bags 50Kg,S18_2795,Male,59,Chester,374,410,410,
10139,PP Bags 50Kg,S18_2795,Male,59,Chester,296,315,315,
10272,PP Bags 50Kg,S12_3891,Male,28,Chester,267,354,354,
10272,PP Bags 50Kg,S12_3891,Male,28,Chester,154,191,96,59
10424,PP Bags 50Kg,S12_1666,Female,57,Carlisle,162,185,93,69
10424,PP Bags 50Kg,S12_1666,Female,57,Carlisle,324,397,397,
10314,PP Bags 50Kg,S12_1108,Female,50,Nottingham,466,206,144,363
10314,PP Bags 50Kg,S12_1108,Female,50,Nottingham,146,153,77,70
10135,PP Bags 50Kg,S12_1099,Male,46,Manchester,176,128,64,112
10135,PP Bags 50Kg,S12_1099,Male,46,Manchester,439,128,90,360
10174,PP Bags 50Kg,S10_1949,Female,41,Bath,164,195,98,67
10174,PP Bags 50Kg,S10_1949,Female,41,Bath,295,442,442,
10280,PP Bags 50Kg,S10_1949,Female,41,Bath,160,150,75,85
10280,PP Bags 50Kg,S10_1949,Female,41,Bath,444,189,132,349
10142,PP Bags 50Kg,S12_1108,Female,50,Nottingham,442,174,122,351
10142,PP Bags 50Kg,S12_1108,Female,50,Nottingham,220,379,379,
10201,PP Bags 50Kg,S10_4698,Male,53,Norwich,278,417,417,
10201,PP Bags 50Kg,S10_4698,Male,53,Norwich,178,151,76,102
10312,PP Bags 50Kg,S18_1749,Male,41,Coventry,231,179,90,141
10312,PP Bags 50Kg,S18_1749,Male,41,Coventry,256,339,339,
10312,PP Bags 50Kg,S18_1749,Male,41,Coventry,397,372,372,
10341,PP Bags 50Kg,S12_2823,Male,36,Chichester,432,194,136,337
10341,PP Bags 50Kg,S12_2823,Male,36,Chichester,226,340,340,
10127,PP Bags 50Kg,S12_3891,Male,28,Chester,204,374,374,
10127,PP Bags 50Kg,S12_3891,Male,28,Chester,277,384,384,
10250,PP Bags 50Kg,S18_1662,Female,30,Lancaster,371,231,162,271
10250,PP Bags 50Kg,S18_1662,Female,30,Lancaster,195,183,92,103
10114,PP Bags 50Kg,S18_3232,Female,43,Colchester,465,220,154,359
10114,PP Bags 50Kg,S18_3232,Female,43,Colchester,394,195,136,302
10324,PP Bags 50Kg,S32_3522,Female,39,London,206,127,64,142
10324,PP Bags 50Kg,S32_3522,Female,39,London,436,88,62,368
10413,PP Bags 50Kg,S12_3148,Male,48,Leicester,170,120,60,111
10413,PP Bags 50Kg,S12_3148,Male,48,Leicester,211,246,123,88
10293,PP Bags 50Kg,S12_3891,Male,28,Chester,240,142,71,169
10293,PP Bags 50Kg,S12_3891,Male,28,Chester,196,153,77,119
10381,PP Bags 50Kg,S10_1949,Female,41,Bath,333,339,339,
10381,PP Bags 50Kg,S10_1949,Female,41,Bath,290,400,400,
10109,PP Bags 50Kg,S18_3232,Female,43,Colchester,215,147,73,141
10109,PP Bags 50Kg,S18_3232,Female,43,Colchester,189,397,397,
10220,PP Bags 50Kg,S18_4027,Female,34,Durham,223,330,330,
10220,PP Bags 50Kg,S18_4027,Female,34,Durham,452,121,84,374
10289,PP Bags 50Kg,S18_2795,Male,59,Chester,156,175,88,68
10289,PP Bags 50Kg,S18_2795,Male,59,Chester,308,312,312,
10121,PP Bags 50Kg,S12_2823,Male,36,Chichester,165,190,95,70
10121,PP Bags 50Kg,S12_2823,Male,36,Chichester,448,135,94,367
10405,PP Bags 50Kg,S18_3232,Female,43,Colchester,219,145,73,147
10405,PP Bags 50Kg,S18_3232,Female,43,Colchester,480,114,80,401
10203,PP Bags 50Kg,S18_3232,Female,43,Colchester,400,140,98,322
10203,PP Bags 50Kg,S18_3232,Female,43,Colchester,249,370,370,
10159,PP Bags 50Kg,S12_1099,Male,46,Manchester,201,183,91,109
10159,PP Bags 50Kg,S12_1099,Male,46,Manchester,283,354,354,
10136,PP Bags 50Kg,S18_3232,Female,43,Colchester,253,327,327,
10136,PP Bags 50Kg,S18_3232,Female,43,Colchester,419,129,90,342
10263,PP Bags 50Kg,S10_4698,Male,53,Norwich,321,327,327,
10263,PP Bags 50Kg,S10_4698,Male,53,Norwich,197,172,86,111
10145,PP Bags 50Kg,S12_2823,Male,36,Chichester,210,117,58,152
10145,PP Bags 50Kg,S12_2823,Male,36,Chichester,259,393,393,
10391,PP Bags 50Kg,S24_1937,Female,50,Manchester,272,377,377,
10391,PP Bags 50Kg,S24_1937,Female,50,Manchester,200,158,79,121
10406,PP Bags 50Kg,S18_1129,Male,41,Chelmsford,432,152,106,348
10406,PP Bags 50Kg,S18_1129,Male,41,Chelmsford,269,360,360,
10231,PP Bags 50Kg,S12_1108,Female,50,Nottingham,295,329,329,
10231,PP Bags 50Kg,S12_1108,Female,50,Nottingham,179,153,77,103
10176,PP Bags 50Kg,S12_3148,Male,48,Leicester,178,116,58,120
10176,PP Bags 50Kg,S12_3148,Male,48,Leicester,488,163,114,396
10293,PP Bags 50Kg,S12_1108,Female,50,Nottingham,241,308,308,
10293,PP Bags 50Kg,S12_1108,Female,50,Nottingham,224,182,91,133
10265,PP Bags 50Kg,S18_3482,Male,62,Lichfield,349,382,382,
10265,PP Bags 50Kg,S18_3482,Male,62,Lichfield,173,155,78,95
10219,PP Bags 50Kg,S18_2238,Male,60,Bradford,226,106,53,173
10219,PP Bags 50Kg,S18_2238,Male,60,Bradford,217,352,352,
10370,PP Bags 50Kg,S12_1666,Female,57,Carlisle,251,143,72,180
10370,PP Bags 50Kg,S12_1666,Female,57,Carlisle,171,151,75,96
10412,PP Bags 50Kg,S24_2300,Male,55,Milton Keynes,179,175,88,91
10412,PP Bags 50Kg,S24_2300,Male,55,Milton Keynes,478,156,109,388
10165,PP Bags 50Kg,S12_1108,Female,50,Nottingham,259,439,439,
10165,PP Bags 50Kg,S12_1108,Female,50,Nottingham,435,118,83,360
10208,PP Bags 50Kg,S12_1108,Female,50,Nottingham,222,384,384,
10208,PP Bags 50Kg,S12_1108,Female,50,Nottingham,167,192,96,71
10403,PP Bags 50Kg,S12_2823,Male,36,Chichester,391,235,165,289
10403,PP Bags 50Kg,S12_2823,Male,36,Chichester,264,337,337,
10413,PP Bags 50Kg,S12_1108,Female,50,Nottingham,256,372,372,
10413,PP Bags 50Kg,S12_1108,Female,50,Nottingham,130,142,71,59
10105,PP Bags 50Kg,S12_1108,Female,50,Nottingham,175,104,52,123
10105,PP Bags 50Kg,S12_1108,Female,50,Nottingham,443,189,132,347
10188,PP Bags 50Kg,S10_4698,Male,53,Norwich,335,333,333,
10188,PP Bags 50Kg,S10_4698,Male,53,Norwich,256,325,325,
10165,PP Bags 50Kg,S18_3232,Female,43,Colchester,403,149,104,322
10165,PP Bags 50Kg,S18_3232,Female,43,Colchester,470,173,121,376
10325,PP Bags 50Kg,S32_2509,Female,51,Newcastle-upon-Tyne,239,348,348,
10325,PP Bags 50Kg,S32_2509,Female,51,Newcastle-upon-Tyne,351,365,365,
10367,PP Bags 50Kg,S18_2248,Female,48,Gloucester,155,205,102,53
10367,PP Bags 50Kg,S18_2248,Female,48,Gloucester,177,133,66,110
10196,PP Bags 50Kg,S12_1108,Female,50,Nottingham,267,352,352,
10196,PP Bags 50Kg,S12_1108,Female,50,Nottingham,155,91,46,110
10180,PP Bags 50Kg,S10_4698,Male,53,Norwich,199,181,91,108
10180,PP Bags 50Kg,S10_4698,Male,53,Norwich,323,365,365,
10382,PP Bags 50Kg,S18_3320,Male,57,Salford,214,175,88,127
10382,PP Bags 50Kg,S18_3320,Male,57,Salford,315,361,361,
10310,PP Bags 50Kg,S18_3232,Female,43,Colchester,457,142,99,373
10310,PP Bags 50Kg,S18_3232,Female,43,Colchester,169,177,89,80
10395,PP Bags 50Kg,S50_1514,Male,39,Norwich,386,229,161,285
10395,PP Bags 50Kg,S50_1514,Male,39,Norwich,140,171,86,55
10405,PP Bags 50Kg,S12_4675,Male,27,Oxford,326,330,330,
10405,PP Bags 50Kg,S12_4675,Male,27,Oxford,182,208,104,79
10206,PP Bags 50Kg,S10_1949,Female,41,Bath,400,102,71,333
10206,PP Bags 50Kg,S10_1949,Female,41,Bath,133,157,79,55
10266,PP Bags 50Kg,S12_1099,Male,46,Manchester,445,125,88,367
10266,PP Bags 50Kg,S12_1099,Male,46,Manchester,440,161,113,352
10271,PP Bags 50Kg,S18_2238,Male,60,Bradford,422,204,143,325
10271,PP Bags 50Kg,S18_2238,Male,60,Bradford,311,327,327,
10417,PP Bags 50Kg,S10_4698,Male,53,Norwich,335,390,390,
10417,PP Bags 50Kg,S10_4698,Male,53,Norwich,247,200,100,146
10419,PP Bags 50Kg,S24_3856,Male,41,Doncaster,234,405,405,
10419,PP Bags 50Kg,S24_3856,Male,41,Doncaster,174,194,97,77
10369,PP Bags 50Kg,S18_1342,Female,40,Liverpool,232,404,404,
10369,PP Bags 50Kg,S18_1342,Female,40,Liverpool,322,318,318,
10147,PP Bags 50Kg,S12_1099,Male,46,Manchester,410,111,78,339
10147,PP Bags 50Kg,S12_1099,Male,46,Manchester,257,358,358,
10120,PP Bags 50Kg,S10_4698,Male,53,Norwich,256,433,433,
10120,PP Bags 50Kg,S10_4698,Male,53,Norwich,432,185,130,339
10142,PP Bags 50Kg,S12_3891,Male,28,Chester,461,169,118,370
10142,PP Bags 50Kg,S12_3891,Male,28,Chester,169,192,96,73
10214,PP Bags 50Kg,S18_2795,Male,59,Chester,143,80,40,103
10214,PP Bags 50Kg,S18_2795,Male,59,Chester,122,193,96,26
10214,PP Bags 50Kg,S18_2795,Male,59,Chester,156,159,79,77
10336,PP Bags 50Kg,S700_2824,Male,47,Nottingham,232,363,363,
10336,PP Bags 50Kg,S700_2824,Male,47,Nottingham,154,200,100,54
10276,PP Bags 50Kg,S12_1099,Male,46,Manchester,263,377,377,
10276,PP Bags 50Kg,S12_1099,Male,46,Manchester,493,120,84,412
10400,PP Bags 50Kg,S10_4757,Female,54,Doncaster,217,348,348,
10400,PP Bags 50Kg,S10_4757,Female,54,Doncaster,166,179,90,77
10356,PP Bags 50Kg,S24_1937,Female,50,Manchester,270,416,416,
10356,PP Bags 50Kg,S24_1937,Female,50,Manchester,387,192,134,297
10356,PP Bags 50Kg,S24_1937,Female,50,Manchester,456,158,111,368
10223,PP Bags 50Kg,S10_4698,Male,53,Norwich,504,117,82,422
10223,PP Bags 50Kg,S10_4698,Male,53,Norwich,412,212,148,314
10375,PP Bags 50Kg,S24_4278,Female,51,Oxford,213,164,82,131
10375,PP Bags 50Kg,S24_4278,Female,51,Oxford,349,368,368,
10388,PP Bags 50Kg,S700_1691,Male,67,Exeter,156,188,94,62
10388,PP Bags 50Kg,S700_1691,Male,67,Exeter,226,355,355,
10304,PP Bags 50Kg,S10_1949,Female,41,Bath,225,410,410,
10304,PP Bags 50Kg,S10_1949,Female,41,Bath,431,207,145,332
10406,PP Bags 50Kg,S18_3685,Female,34,Leicester,179,206,103,76
10406,PP Bags 50Kg,S18_3685,Female,34,Leicester,260,443,443,
10247,PP Bags 50Kg,S12_1108,Female,50,Nottingham,223,185,92,131
10247,PP Bags 50Kg,S12_1108,Female,50,Nottingham,286,349,349,
10339,PP Bags 50Kg,S24_3151,Male,27,Gloucester,472,221,155,365
10339,PP Bags 50Kg,S24_3151,Male,27,Gloucester,256,329,329,
10150,PP Bags 50Kg,S10_1949,Female,41,Bath,234,413,413,
10150,PP Bags 50Kg,S10_1949,Female,41,Bath,195,123,62,133
10127,PP Bags 50Kg,S12_1108,Female,50,Nottingham,298,375,375,
10127,PP Bags 50Kg,S12_1108,Female,50,Nottingham,439,208,146,339
10333,PP Bags 50Kg,S18_3320,Male,57,Salford,178,179,90,88
10333,PP Bags 50Kg,S18_3320,Male,57,Salford,241,375,375,
10312,PP Bags 50Kg,S10_1949,Female,41,Bath,286,413,413,
10312,PP Bags 50Kg,S10_1949,Female,41,Bath,163,169,85,79
10405,PP Bags 50Kg,S24_3856,Male,41,Doncaster,237,399,399,
10405,PP Bags 50Kg,S24_3856,Male,41,Doncaster,158,147,74,84
10403,PP Bags 50Kg,S10_4698,Male,53,Norwich,256,385,385,
10403,PP Bags 50Kg,S10_4698,Male,53,Norwich,180,223,111,69
10412,PP Bags 50Kg,S18_3232,Female,43,Colchester,368,349,349,
10412,PP Bags 50Kg,S18_3232,Female,43,Colchester,398,181,127,309
10424,PP Bags 50Kg,S10_1949,Female,41,Bath,417,87,61,351
10424,PP Bags 50Kg,S10_1949,Female,41,Bath,424,166,116,337
10322,PP Bags 50Kg,S18_2325,Female,52,Bradford,420,227,159,317
10322,PP Bags 50Kg,S18_2325,Female,52,Bradford,467,212,148,363
10322,PP Bags 50Kg,S18_2325,Female,52,Bradford,182,169,85,97
10407,PP Bags 50Kg,S18_1749,Male,41,Coventry,250,378,378,
10135,PP Bags 50Kg,S12_1099,Male,46,Manchester,186,169,84,102
10135,PP Bags 50Kg,S12_1099,Male,46,Manchester,244,176,88,156
10174,PP Bags 50Kg,S10_1949,Female,41,Bath,448,199,139,350
10174,PP Bags 50Kg,S10_1949,Female,41,Bath,424,205,143,326
10280,PP Bags 50Kg,S10_1949,Female,41,Bath,335,313,313,
10280,PP Bags 50Kg,S10_1949,Female,41,Bath,285,327,327,
10142,PP Bags 50Kg,S12_1108,Female,50,Nottingham,212,143,72,141
10142,PP Bags 50Kg,S12_1108,Female,50,Nottingham,216,394,394,
10201,PP Bags 50Kg,S10_4698,Male,53,Norwich,273,315,315,
10201,PP Bags 50Kg,S10_4698,Male,53,Norwich,185,132,66,119
10312,PP Bags 50Kg,S18_1749,Male,41,Coventry,464,171,120,372
10312,PP Bags 50Kg,S18_1749,Male,41,Coventry,353,297,297,
10312,PP Bags 50Kg,S18_1749,Male,41,Coventry,367,381,381,
10341,PP Bags 50Kg,S12_2823,Male,36,Chichester,200,377,377,
10341,PP Bags 50Kg,S12_2823,Male,36,Chichester,457,198,139,358
10127,PP Bags 50Kg,S12_3891,Male,28,Chester,209,185,92,117
10127,PP Bags 50Kg,S12_3891,Male,28,Chester,394,181,127,306
10250,PP Bags 50Kg,S18_1662,Female,30,Lancaster,175,147,73,101
10250,PP Bags 50Kg,S18_1662,Female,30,Lancaster,193,176,88,106
10114,PP Bags 50Kg,S18_3232,Female,43,Colchester,214,223,111,102
10114,PP Bags 50Kg,S18_3232,Female,43,Colchester,307,269,269,
10324,PP Bags 50Kg,S32_3522,Female,39,London,257,390,390,
10324,PP Bags 50Kg,S32_3522,Female,39,London,460,103,72,387
10413,PP Bags 50Kg,S12_3148,Male,48,Leicester,154,221,111,43
10413,PP Bags 50Kg,S12_3148,Male,48,Leicester,259,413,413,
10293,PP Bags 50Kg,S12_3891,Male,28,Chester,294,367,367,
10293,PP Bags 50Kg,S12_3891,Male,28,Chester,302,375,375,
10381,PP Bags 50Kg,S10_1949,Female,41,Bath,302,387,387,
10381,PP Bags 50Kg,S10_1949,Female,41,Bath,417,168,118,330
10281,PP Bags 50Kg,S10_4962,Female,37,Newcastle-upon-Tyne,162,130,65,97
10281,PP Bags 50Kg,S10_4962,Female,37,Newcastle-upon-Tyne,150,105,53,98
10237,PP Bags 50Kg,S10_4698,Male,53,Norwich,294,320,320,
10237,PP Bags 50Kg,S10_4698,Male,53,Norwich,221,235,117,104
10134,PP Bags 50Kg,S10_4698,Male,53,Norwich,182,213,106,76
10134,PP Bags 50Kg,S10_4698,Male,53,Norwich,136,152,76,60
10372,PP Bags 50Kg,S18_4027,Female,34,Durham,251,346,346,
10372,PP Bags 50Kg,S18_4027,Female,34,Durham,153,115,57,96
10153,PP Bags 50Kg,S12_3891,Male,28,Chester,280,401,401,
10153,PP Bags 50Kg,S12_3891,Male,28,Chester,459,165,115,369
10407,PP Bags 50Kg,S18_1589,Female,33,Leeds,194,191,96,98
10407,PP Bags 50Kg,S18_1589,Female,33,Leeds,481,95,66,407
10207,PP Bags 50Kg,S18_2238,Male,60,Bradford,298,367,367,
10207,PP Bags 50Kg,S18_2238,Male,60,Bradford,490,171,120,395
10282,PP Bags 50Kg,S12_1108,Female,50,Nottingham,218,223,111,107
10282,PP Bags 50Kg,S12_1108,Female,50,Nottingham,472,153,107,384
10251,PP Bags 50Kg,S10_4698,Male,53,Norwich,485,170,119,391
10251,PP Bags 50Kg,S10_4698,Male,53,Norwich,328,343,343,
10126,PP Bags 50Kg,S18_4600,Female,36,Ely,503,110,77,423
10126,PP Bags 50Kg,S18_4600,Female,36,Ely,161,174,87,74
10126,PP Bags 50Kg,S18_4600,Female,36,Ely,167,200,100,67
10239,PP Bags 50Kg,S18_3232,Female,43,Colchester,190,208,104,86
10239,PP Bags 50Kg,S18_3232,Female,43,Colchester,266,353,353,
10401,PP Bags 50Kg,S700_3167,Male,34,Exeter,197,312,312,
10401,PP Bags 50Kg,S700_3167,Male,34,Exeter,433,175,123,342
10348,PP Bags 50Kg,S18_4668,Male,52,Gloucester,146,180,90,57
10348,PP Bags 50Kg,S18_4668,Male,52,Gloucester,271,318,318,
10348,PP Bags 50Kg,S18_4668,Male,52,Gloucester,303,392,392,
10151,PP Bags 50Kg,S18_2238,Male,60,Bradford,243,414,414,
10151,PP Bags 50Kg,S18_2238,Male,60,Bradford,184,123,61,122
10318,PP Bags 50Kg,S700_2834,Male,22,Hereford,178,220,110,68
10318,PP Bags 50Kg,S700_2834,Male,22,Hereford,476,119,83,396
10246,PP Bags 50Kg,S18_3232,Female,43,Colchester,459,217,152,355
10246,PP Bags 50Kg,S18_3232,Female,43,Colchester,268,361,361,
10291,PP Bags 50Kg,S10_1949,Female,41,Bath,208,210,105,103
10291,PP Bags 50Kg,S10_1949,Female,41,Bath,258,160,80,178
10292,PP Bags 50Kg,S18_4027,Female,34,Durham,330,340,340,
10292,PP Bags 50Kg,S18_4027,Female,34,Durham,186,137,68,117
10127,PP Bags 50Kg,S18_2238,Male,60,Bradford,433,181,127,341
10348,PP Bags 50Kg,S18_4668,Male,52,Gloucester,166,180,90,76
10348,PP Bags 50Kg,S18_4668,Male,52,Gloucester,184,137,68,116
